particle_id,particle_type,process,vx,vy,vz,vt,px,py,pz,m,q
4503599644147712,13,0,0,0,0,0,-0.602130234,-0.798397839,-0.0715848655,0.105658367,-1
