particle_id,particle_type,process,vx,vy,vz,vt,px,py,pz,m,q
4503599644147712,13,0,0,0,0,0,0.0318420082,0.999492943,0.476618648,0.105658367,-1
