particle_id,particle_type,process,vx,vy,vz,vt,px,py,pz,m,q
4503599644147712,13,0,0,0,0,0,0.842637599,0.538481057,-0.49966222,0.105658367,-1
