particle_id,particle_type,process,vx,vy,vz,vt,px,py,pz,m,q
4503599644147712,13,0,0,0,0,0,0.30138725,-0.953501821,0.0655542836,0.105658367,-1
