particle_id,particle_type,process,vx,vy,vz,vt,px,py,pz,m,q
4503599644147712,13,0,0,0,0,0,0.13544558,-0.990784764,-0.0891931206,0.105658367,-1
