particle_id,particle_type,process,vx,vy,vz,vt,px,py,pz,m,q
4503599644147712,13,0,-914.697083,-584.335449,-310.13266,3.84980917,-0.621676326,-0.783274174,-0.280525684,0.105658367,-1
