particle_id,particle_type,process,vx,vy,vz,vt,px,py,pz,m,q
4503599644147712,13,0,0,0,0,0,-0.353490591,0.935438097,0.483593345,0.105658367,-1
