particle_id,particle_type,process,vx,vy,vz,vt,px,py,pz,m,q
4503599644147712,13,0,0,0,0,0,0.994179368,0.107737675,0.270372242,0.105658367,-1
