particle_id,particle_type,process,vx,vy,vz,vt,px,py,pz,m,q
4503599644147712,13,0,-860.652222,-661.359558,-30.812336,3.70963907,-0.551502883,-0.834172904,-0.027870819,0.105658367,-1
