particle_id,particle_type,process,vx,vy,vz,vt,px,py,pz,m,q
4503599644147712,13,0,0,0,0,0,0.238152683,-0.971227646,0.0780798346,0.105658367,-1
