particle_id,particle_type,process,vx,vy,vz,vt,px,py,pz,m,q
4503599644147712,13,0,0,0,0,0,0.238152698,-0.971227705,0.078079842,0.105658367,-1
