particle_id,particle_type,process,vx,vy,vz,vt,px,py,pz,m,q
4503599644147712,13,0,0,0,0,0,-0.997955322,-0.0639158264,0.393433303,0.105658367,-1
