particle_id,particle_type,process,vx,vy,vz,vt,px,py,pz,m,q
4503599644147712,13,0,488.949646,-969.044312,-98.6066589,3.72277379,0.716469944,-0.697617948,-0.0891931206,0.105658367,-1
