particle_id,particle_type,process,vx,vy,vz,vt,px,py,pz,m,q
4503599644147712,13,0,0,0,0,0,-0.987924218,-0.15493831,-0.188294888,0.105658367,-1
