particle_id,particle_type,process,vx,vy,vz,vt,px,py,pz,m,q
4503599644147712,13,0,0,0,0,0,-0.999059618,0.0433579348,-0.505700946,0.105658367,-1
