particle_id,particle_type,process,vx,vy,vz,vt,px,py,pz,m,q
4503599644147712,13,0,0,0,0,0,0.256680667,-0.966496229,0.0304977484,0.105658367,-1
