particle_id,particle_type,process,vx,vy,vz,vt,px,py,pz,m,q
4503599644147712,13,0,188.6259,-1068.89612,168.637268,3.75063729,0.484772027,-0.874640465,0.15253821,0.105658367,-1
