particle_id,particle_type,process,vx,vy,vz,vt,px,py,pz,m,q
4503599644147712,13,0,0,0,0,0,0.964624047,-0.263629258,0.269866794,0.105658367,-1
