particle_id,particle_type,process,vx,vy,vz,vt,px,py,pz,m,q
4503599644147712,13,0,-959.223694,-507.945435,-208.167725,3.77266645,-0.683367789,-0.730074346,-0.188294888,0.105658367,-1
