particle_id,particle_type,process,vx,vy,vz,vt,px,py,pz,m,q
4503599644147712,13,0,0,0,0,0,-0.52030313,0.853981674,0.14363867,0.105658367,-1
