particle_id,particle_type,process,vx,vy,vz,vt,px,py,pz,m,q
4503599644147712,13,0,0,0,0,0,0.942169666,0.335136235,-0.472656816,0.105658367,-1
