particle_id,particle_type,process,vx,vy,vz,vt,px,py,pz,m,q
4503599644147712,13,0,0,0,0,0,-0.610591471,-0.791945696,-0.334870368,0.105658367,-1
