particle_id,particle_type,process,vx,vy,vz,vt,px,py,pz,m,q
4503599644147712,13,0,1083.14417,70.1232605,298.348846,3.83943367,0.922579169,0.385807663,0.269866794,0.105658367,-1
