particle_id,particle_type,process,vx,vy,vz,vt,px,py,pz,m,q
4503599644147712,13,0,0,0,0,0,-0.719847739,0.69413203,0.116954453,0.105658367,-1
