particle_id,particle_type,process,vx,vy,vz,vt,px,py,pz,m,q
4503599644147712,13,0,0,0,0,0,-0.67783463,-0.735214412,-0.38982901,0.105658367,-1
