particle_id,particle_type,process,vx,vy,vz,vt,px,py,pz,m,q
4503599644147712,13,0,0,0,0,0,0.185974196,0.982554615,0.224802822,0.105658367,-1
