particle_id,particle_type,process,vx,vy,vz,vt,px,py,pz,m,q
4503599644147712,13,0,222.391632,-1062.3844,439.72699,3.98776579,0.512235522,-0.858844995,0.397748232,0.105658367,-1
