particle_id,particle_type,process,vx,vy,vz,vt,px,py,pz,m,q
4503599644147712,13,0,0,0,0,0,-0.111461543,-0.993768752,-0.432329446,0.105658367,-1
