particle_id,particle_type,process,vx,vy,vz,vt,px,py,pz,m,q
4503599644147712,13,0,849.340393,675.825073,178.650116,3.75579166,0.537311792,0.84338367,0.161595181,0.105658367,-1
