particle_id,particle_type,process,vx,vy,vz,vt,px,py,pz,m,q
4503599644147712,13,0,362.16983,-1023.20654,265.401703,3.81242537,0.622260749,-0.782810032,0.240064994,0.105658367,-1
