particle_id,particle_type,process,vx,vy,vz,vt,px,py,pz,m,q
4503599644147712,13,0,843.423279,683.195251,-288.078186,3.83069658,0.5299474,0.848030508,-0.260576665,0.105658367,-1
