particle_id,particle_type,process,vx,vy,vz,vt,px,py,pz,m,q
4503599644147712,13,0,0,0,0,0,-0.97203505,-0.23483564,-0.280525684,0.105658367,-1
