particle_id,particle_type,process,vx,vy,vz,vt,px,py,pz,m,q
4503599644147712,13,0,-891.524719,619.114136,100.440208,3.72331905,-0.962274492,0.27208069,0.0908516347,0.105658367,-1
