particle_id,particle_type,process,vx,vy,vz,vt,px,py,pz,m,q
4503599644147712,13,0,0,0,0,0,-0.333164811,0.94286859,-0.28036195,0.105658367,-1
