particle_id,particle_type,process,vx,vy,vz,vt,px,py,pz,m,q
4503599644147712,13,0,0,0,0,0,0.817912459,-0.575342715,-0.204715595,0.105658367,-1
