particle_id,particle_type,process,vx,vy,vz,vt,px,py,pz,m,q
4503599644147712,13,0,0,0,0,0,-0.184513107,-0.982830048,-0.491458714,0.105658367,-1
