particle_id,particle_type,process,vx,vy,vz,vt,px,py,pz,m,q
4503599644147712,13,0,0,0,0,0,0.555684865,0.831393003,-0.50427109,0.105658367,-1
