particle_id,particle_type,process,vx,vy,vz,vt,px,py,pz,m,q
4503599644147712,13,0,-1084.73181,-38.4143562,47.7233429,3.71163034,-0.933468342,-0.358659804,0.0431674086,0.105658367,-1
