particle_id,particle_type,process,vx,vy,vz,vt,px,py,pz,m,q
4503599644147712,13,0,587.454712,-912.696838,86.3204727,3.7193768,0.785391986,-0.618998647,0.0780798346,0.105658367,-1
