particle_id,particle_type,process,vx,vy,vz,vt,px,py,pz,m,q
4503599644147712,13,0,0,0,0,0,0.0236674678,0.999719858,0.504525602,0.105658367,-1
