particle_id,particle_type,process,vx,vy,vz,vt,px,py,pz,m,q
4503599644147712,13,0,1042.66248,-301.618103,-226.321487,3.78427982,0.998758137,0.0498220101,-0.204715595,0.105658367,-1
