particle_id,particle_type,process,vx,vy,vz,vt,px,py,pz,m,q
4503599644147712,13,0,995.257996,433.105225,573.631104,4.17277622,0.737196267,0.67567867,0.518869102,0.105658367,-1
