particle_id,particle_type,process,vx,vy,vz,vt,px,py,pz,m,q
4503599644147712,13,0,0,0,0,0,0.409409314,-0.912350833,0.366518945,0.105658367,-1
