particle_id,particle_type,process,vx,vy,vz,vt,px,py,pz,m,q
4503599644147712,13,0,0,0,0,0,-0.719847679,0.69413197,0.116954446,0.105658367,-1
