particle_id,particle_type,process,vx,vy,vz,vt,px,py,pz,m,q
4503599644147712,13,0,-1070.56116,178.934158,-541.0979,4.12414265,-0.986282885,-0.16506426,-0.489441723,0.105658367,-1
