particle_id,particle_type,process,vx,vy,vz,vt,px,py,pz,m,q
4503599644147712,13,0,-39.295166,1084.7002,-25.2811317,3.70917368,-0.359417677,0.933176816,-0.0228676554,0.105658367,-1
