particle_id,particle_type,process,vx,vy,vz,vt,px,py,pz,m,q
4503599644147712,13,0,0,0,0,0,-0.999892175,-0.0146810729,-0.475077063,0.105658367,-1
