particle_id,particle_type,process,vx,vy,vz,vt,px,py,pz,m,q
4503599644147712,13,0,0,0,0,0,-0.758657932,0.651489198,-0.0795265436,0.105658367,-1
