particle_id,particle_type,process,vx,vy,vz,vt,px,py,pz,m,q
4503599644147712,13,0,-386.842377,1014.13593,341.498138,3.87923217,-0.641035378,0.767511308,0.30889684,0.105658367,-1
