particle_id,particle_type,process,vx,vy,vz,vt,px,py,pz,m,q
4503599644147712,13,0,848.61969,676.729797,-522.541504,4.09743166,0.536412656,0.843955815,-0.472656816,0.105658367,-1
