particle_id,particle_type,process,vx,vy,vz,vt,px,py,pz,m,q
4503599644147712,13,0,-630.799622,883.295227,167.763123,3.75020099,-0.814338326,0.580390513,0.151747525,0.105658367,-1
