particle_id,particle_type,process,vx,vy,vz,vt,px,py,pz,m,q
4503599644147712,13,0,697.307007,831.794189,-496.210266,4.06084681,0.358106643,0.933680713,-0.448839337,0.105658367,-1
