particle_id,particle_type,process,vx,vy,vz,vt,px,py,pz,m,q
4503599644147712,13,0,0,0,0,0,-0.489846319,0.871808767,-0.466357917,0.105658367,-1
