particle_id,particle_type,process,vx,vy,vz,vt,px,py,pz,m,q
4503599644147712,13,0,-1076.07043,-142.095078,2.91219902,3.70822763,-0.894840181,-0.446386635,0.00263418444,0.105658367,-1
