particle_id,particle_type,process,vx,vy,vz,vt,px,py,pz,m,q
4503599644147712,13,0,0,0,0,0,-0.156121954,-0.987737715,0.15253821,0.105658367,-1
