particle_id,particle_type,process,vx,vy,vz,vt,px,py,pz,m,q
4503599644147712,13,0,0,0,0,0,-0.824614584,-0.565694988,-0.333571374,0.105658367,-1
