particle_id,particle_type,process,vx,vy,vz,vt,px,py,pz,m,q
4503599644147712,13,0,305.939453,-1041.40271,186.197678,3.75986838,0.578729689,-0.815519452,0.168422222,0.105658367,-1
