particle_id,particle_type,process,vx,vy,vz,vt,px,py,pz,m,q
4503599644147712,13,0,-1061.83765,-224.987885,-73.3246841,3.71627235,-0.857590258,-0.514333367,-0.0663246959,0.105658367,-1
