particle_id,particle_type,process,vx,vy,vz,vt,px,py,pz,m,q
4503599644147712,13,0,-770.285217,764.708679,76.1114502,3.71689582,-0.90030247,0.435264766,0.0688454285,0.105658367,-1
