particle_id,particle_type,process,vx,vy,vz,vt,px,py,pz,m,q
4503599644147712,13,0,-436.017944,-993.985413,-430.971985,3.97711706,-0.0818559974,-0.996644199,-0.38982901,0.105658367,-1
