particle_id,particle_type,process,vx,vy,vz,vt,px,py,pz,m,q
4503599644147712,13,0,0,0,0,0,0.98641181,-0.164291576,0.252488762,0.105658367,-1
