particle_id,particle_type,process,vx,vy,vz,vt,px,py,pz,m,q
4503599644147712,13,0,0,0,0,0,0.543638706,0.839319348,0.314126521,0.105658367,-1
