particle_id,particle_type,process,vx,vy,vz,vt,px,py,pz,m,q
4503599644147712,13,0,0,0,0,0,0.526539385,0.850150824,0.231597736,0.105658367,-1
