particle_id,particle_type,process,vx,vy,vz,vt,px,py,pz,m,q
4503599644147712,13,0,0,0,0,0,0.14204739,0.989859879,0.0960728154,0.105658367,-1
