particle_id,particle_type,process,vx,vy,vz,vt,px,py,pz,m,q
4503599644147712,13,0,-328.80127,1034.41211,557.773804,4.14878798,-0.596550405,0.802575588,0.504525602,0.105658367,-1
