particle_id,particle_type,process,vx,vy,vz,vt,px,py,pz,m,q
4503599644147712,13,0,-646.536865,-871.842102,-368.776825,3.90691972,-0.30187121,-0.953348756,-0.333571374,0.105658367,-1
