particle_id,particle_type,process,vx,vy,vz,vt,px,py,pz,m,q
4503599644147712,13,0,768.823425,766.178284,-358.313507,3.89607167,0.440080702,0.897958219,-0.324106932,0.105658367,-1
