particle_id,particle_type,process,vx,vy,vz,vt,px,py,pz,m,q
4503599644147712,13,0,1040.3313,309.563446,537.130493,4.11836815,0.81349957,0.581565559,0.485853046,0.105658367,-1
