particle_id,particle_type,process,vx,vy,vz,vt,px,py,pz,m,q
4503599644147712,13,0,-761.154175,773.797729,-304.974976,3.845222,-0.895072699,0.445920378,-0.275860399,0.105658367,-1
