particle_id,particle_type,process,vx,vy,vz,vt,px,py,pz,m,q
4503599644147712,13,0,410.727509,1004.69971,-209.774841,3.77365685,0.0566116944,0.998396337,-0.189748585,0.105658367,-1
