particle_id,particle_type,process,vx,vy,vz,vt,px,py,pz,m,q
4503599644147712,13,0,-211.544754,1064.59729,-234.585968,3.78987551,-0.5034495,0.864024699,-0.212191105,0.105658367,-1
