particle_id,particle_type,process,vx,vy,vz,vt,px,py,pz,m,q
4503599644147712,13,0,0,0,0,0,-0.536800623,0.843709111,-0.35689643,0.105658367,-1
