particle_id,particle_type,process,vx,vy,vz,vt,px,py,pz,m,q
4503599644147712,13,0,0,0,0,0,-0.353490561,0.935438037,0.483593315,0.105658367,-1
