particle_id,particle_type,process,vx,vy,vz,vt,px,py,pz,m,q
4503599644147712,13,0,0,0,0,0,-0.908010423,-0.418947726,0.377147228,0.105658367,-1
