particle_id,particle_type,process,vx,vy,vz,vt,px,py,pz,m,q
4503599644147712,13,0,742.42749,-791.782837,405.201721,3.9468596,0.884150326,-0.467202455,0.366518945,0.105658367,-1
