particle_id,particle_type,process,vx,vy,vz,vt,px,py,pz,m,q
4503599644147712,13,0,30.5429287,1084.98193,77.7027969,3.71726203,-0.298661351,0.954359114,0.0702848583,0.105658367,-1
