particle_id,particle_type,process,vx,vy,vz,vt,px,py,pz,m,q
4503599644147712,13,0,0,0,0,0,0.730148256,-0.683288753,-0.104964636,0.105658367,-1
