particle_id,particle_type,process,vx,vy,vz,vt,px,py,pz,m,q
4503599644147712,13,0,674.646362,850.276978,-552.397095,4.14077616,0.332824349,0.942988813,-0.49966222,0.105658367,-1
