particle_id,particle_type,process,vx,vy,vz,vt,px,py,pz,m,q
4503599644147712,13,0,850.999146,-673.735168,-8.83392143,3.70833206,0.943344831,-0.33181411,-0.00799058657,0.105658367,-1
