particle_id,particle_type,process,vx,vy,vz,vt,px,py,pz,m,q
4503599644147712,13,0,0,0,0,0,-0.43111524,0.902296901,-0.275860399,0.105658367,-1
