particle_id,particle_type,process,vx,vy,vz,vt,px,py,pz,m,q
4503599644147712,13,0,0,0,0,0,-0.336719602,-0.941604972,-0.348020285,0.105658367,-1
