particle_id,particle_type,process,vx,vy,vz,vt,px,py,pz,m,q
4503599644147712,13,0,-783.959167,-750.684143,416.951721,3.9604528,-0.457911551,-0.888997793,0.377147228,0.105658367,-1
