particle_id,particle_type,process,vx,vy,vz,vt,px,py,pz,m,q
4503599644147712,13,0,-674.953308,850.033325,-309.95166,3.84964705,-0.842831969,0.538176715,-0.28036195,0.105658367,-1
