particle_id,particle_type,process,vx,vy,vz,vt,px,py,pz,m,q
4503599644147712,13,0,-1008.74146,400.698486,-87.9198608,3.7197938,-0.998910666,0.0466630198,-0.0795265436,0.105658367,-1
