particle_id,particle_type,process,vx,vy,vz,vt,px,py,pz,m,q
4503599644147712,13,0,662.365295,859.878357,175.056549,3.7539084,0.319247067,0.947671533,0.158344686,0.105658367,-1
