particle_id,particle_type,process,vx,vy,vz,vt,px,py,pz,m,q
4503599644147712,13,0,0,0,0,0,0.939580977,0.342326611,-0.260576665,0.105658367,-1
