particle_id,particle_type,process,vx,vy,vz,vt,px,py,pz,m,q
4503599644147712,13,0,0,0,0,0,0.290952206,0.956737578,-0.0228676554,0.105658367,-1
