particle_id,particle_type,process,vx,vy,vz,vt,px,py,pz,m,q
4503599644147712,13,0,0,0,0,0,0.98641187,-0.16429159,0.252488792,0.105658367,-1
