particle_id,particle_type,process,vx,vy,vz,vt,px,py,pz,m,q
4503599644147712,13,0,0,0,0,0,0.834817171,0.550527275,0.158344686,0.105658367,-1
