particle_id,particle_type,process,vx,vy,vz,vt,px,py,pz,m,q
4503599644147712,13,0,0,0,0,0,-0.284727812,0.958608449,0.151747525,0.105658367,-1
