particle_id,particle_type,process,vx,vy,vz,vt,px,py,pz,m,q
4503599644147712,13,0,-1082.33142,81.7154388,-459.946289,4.01306295,-0.967391193,-0.253286839,-0.416037261,0.105658367,-1
