particle_id,particle_type,process,vx,vy,vz,vt,px,py,pz,m,q
4503599644147712,13,0,0,0,0,0,-0.892088056,0.451861411,0.187381133,0.105658367,-1
