particle_id,particle_type,process,vx,vy,vz,vt,px,py,pz,m,q
4503599644147712,13,0,0,0,0,0,0.659014463,0.75213027,-0.18974857,0.105658367,-1
