particle_id,particle_type,process,vx,vy,vz,vt,px,py,pz,m,q
4503599644147712,13,0,-983.970093,458.171936,129.297943,3.73321199,-0.994560719,0.104158379,0.116954446,0.105658367,-1
