particle_id,particle_type,process,vx,vy,vz,vt,px,py,pz,m,q
4503599644147712,13,0,0,0,0,0,-0.994623303,0.103558928,0.42762652,0.105658367,-1
