particle_id,particle_type,process,vx,vy,vz,vt,px,py,pz,m,q
4503599644147712,13,0,0,0,0,0,0.134866998,0.99086374,-0.212191105,0.105658367,-1
