particle_id,particle_type,process,vx,vy,vz,vt,px,py,pz,m,q
4503599644147712,13,0,0,0,0,0,0.351877451,0.936046064,0.0702848583,0.105658367,-1
