particle_id,particle_type,process,vx,vy,vz,vt,px,py,pz,m,q
4503599644147712,13,0,0,0,0,0,0.899469614,0.436983287,-0.324106932,0.105658367,-1
