particle_id,particle_type,process,vx,vy,vz,vt,px,py,pz,m,q
4503599644147712,13,0,0,0,0,0,-0.992489696,0.122328445,-0.0663247034,0.105658367,-1
