particle_id,particle_type,process,vx,vy,vz,vt,px,py,pz,m,q
4503599644147712,13,0,-225.973221,-1061.6283,-330.432922,3.86855483,0.121407308,-0.992602766,-0.298887968,0.105658367,-1
