particle_id,particle_type,process,vx,vy,vz,vt,px,py,pz,m,q
4503599644147712,13,0,-346.966583,-1028.46143,-370.212952,3.90843058,0.0060584452,-0.999981642,-0.334870368,0.105658367,-1
