particle_id,particle_type,process,vx,vy,vz,vt,px,py,pz,m,q
4503599644147712,13,0,-991.447021,-441.759491,189.609085,3.76176476,-0.731281698,-0.6820755,0.171507955,0.105658367,-1
