particle_id,particle_type,process,vx,vy,vz,vt,px,py,pz,m,q
4503599644147712,13,0,-1001.66736,-418.068298,434.956665,3.98194051,-0.74728781,-0.664500475,0.393433273,0.105658367,-1
