particle_id,particle_type,process,vx,vy,vz,vt,px,py,pz,m,q
4503599644147712,13,0,0,0,0,0,0.00876152515,-0.999961615,0.240064994,0.105658367,-1
