particle_id,particle_type,process,vx,vy,vz,vt,px,py,pz,m,q
4503599644147712,13,0,0,0,0,0,0.942526281,0.334131986,0.161595181,0.105658367,-1
