particle_id,particle_type,process,vx,vy,vz,vt,px,py,pz,m,q
4503599644147712,13,0,0,0,0,0,-0.602130294,-0.798397899,-0.0715848729,0.105658367,-1
