particle_id,particle_type,process,vx,vy,vz,vt,px,py,pz,m,q
4503599644147712,13,0,0,0,0,0,-0.87899667,0.476828068,-0.489441723,0.105658367,-1
