particle_id,particle_type,process,vx,vy,vz,vt,px,py,pz,m,q
4503599644147712,13,0,-848.930725,676.3396,-394.56366,3.93484902,-0.942323625,0.334702998,-0.35689643,0.105658367,-1
