particle_id,particle_type,process,vx,vy,vz,vt,px,py,pz,m,q
4503599644147712,13,0,-287.464996,1046.65295,-532.324463,4.1114192,-0.564209282,0.825631797,-0.481505811,0.105658367,-1
