particle_id,particle_type,process,vx,vy,vz,vt,px,py,pz,m,q
4503599644147712,13,0,-720.989441,811.352478,461.10257,4.01453924,-0.87134105,0.490677893,0.417083174,0.105658367,-1
