particle_id,particle_type,process,vx,vy,vz,vt,px,py,pz,m,q
4503599644147712,13,0,261.51828,1053.43567,347.279755,3.88493896,-0.0879854485,0.996121764,0.314126521,0.105658367,-1
