particle_id,particle_type,process,vx,vy,vz,vt,px,py,pz,m,q
4503599644147712,13,0,-652.023315,867.746643,346.261017,3.88392711,-0.828166366,0.560482264,0.313205004,0.105658367,-1
