particle_id,particle_type,process,vx,vy,vz,vt,px,py,pz,m,q
4503599644147712,13,0,-693.190063,835.22821,534.632263,4.11474991,-0.85428077,0.519811749,0.483593315,0.105658367,-1
