particle_id,particle_type,process,vx,vy,vz,vt,px,py,pz,m,q
4503599644147712,13,0,0,0,0,0,0.736941755,0.675956249,-0.414512545,0.105658367,-1
