particle_id,particle_type,process,vx,vy,vz,vt,px,py,pz,m,q
4503599644147712,13,0,-1057.39819,-245.005371,472.758698,4.02959538,-0.847721756,-0.530441105,0.42762652,0.105658367,-1
