particle_id,particle_type,process,vx,vy,vz,vt,px,py,pz,m,q
4503599644147712,13,0,-794.992065,-738.98999,342.621094,3.88033366,-0.471028835,-0.882117867,0.309912592,0.105658367,-1
