particle_id,particle_type,process,vx,vy,vz,vt,px,py,pz,m,q
4503599644147712,13,0,0,0,0,0,-0.973979354,-0.226636738,0.119681545,0.105658367,-1
