particle_id,particle_type,process,vx,vy,vz,vt,px,py,pz,m,q
4503599644147712,13,0,1082.98401,-72.5553818,-344.807922,3.88248849,0.965213656,0.26146242,-0.311890662,0.105658367,-1
