particle_id,particle_type,process,vx,vy,vz,vt,px,py,pz,m,q
4503599644147712,13,0,990.712158,-443.404999,-116.042717,3.72836256,0.996007144,-0.0892726332,-0.104964629,0.105658367,-1
