particle_id,particle_type,process,vx,vy,vz,vt,px,py,pz,m,q
4503599644147712,13,0,0,0,0,0,0.638177812,-0.769888997,-0.325823754,0.105658367,-1
