particle_id,particle_type,process,vx,vy,vz,vt,px,py,pz,m,q
4503599644147712,13,0,0,0,0,0,-0.999892235,-0.0146810738,-0.475077093,0.105658367,-1
