particle_id,particle_type,process,vx,vy,vz,vt,px,py,pz,m,q
4503599644147712,13,0,825.887085,704.293335,-544.863647,4.12965536,0.508345425,0.861153305,-0.492847949,0.105658367,-1
