particle_id,particle_type,process,vx,vy,vz,vt,px,py,pz,m,q
4503599644147712,13,0,0,0,0,0,-0.156121969,-0.987737775,0.152538225,0.105658367,-1
