particle_id,particle_type,process,vx,vy,vz,vt,px,py,pz,m,q
4503599644147712,13,0,-964.649109,-497.564789,39.4219131,3.71054578,-0.691206157,-0.722657502,0.035658475,0.105658367,-1
