particle_id,particle_type,process,vx,vy,vz,vt,px,py,pz,m,q
4503599644147712,13,0,0,0,0,0,-0.728526711,0.685017347,-0.339146733,0.105658367,-1
