particle_id,particle_type,process,vx,vy,vz,vt,px,py,pz,m,q
4503599644147712,13,0,0,0,0,0,0.989700735,0.143151939,0.407261491,0.105658367,-1
