particle_id,particle_type,process,vx,vy,vz,vt,px,py,pz,m,q
4503599644147712,13,0,-1021.04462,-368.220825,-525.217224,4.10123634,-0.779112518,-0.626883984,-0.475077063,0.105658367,-1
