particle_id,particle_type,process,vx,vy,vz,vt,px,py,pz,m,q
4503599644147712,13,0,0,0,0,0,-0.307878584,0.951425612,0.313205004,0.105658367,-1
