particle_id,particle_type,process,vx,vy,vz,vt,px,py,pz,m,q
4503599644147712,13,0,-839.081909,-688.520264,318.501678,3.85740423,-0.524568975,-0.851367891,0.288095742,0.105658367,-1
