particle_id,particle_type,process,vx,vy,vz,vt,px,py,pz,m,q
4503599644147712,13,0,0,0,0,0,-0.502717018,0.864451051,-0.070414871,0.105658367,-1
