particle_id,particle_type,process,vx,vy,vz,vt,px,py,pz,m,q
4503599644147712,13,0,240.14296,1058.51306,256.040802,3.80529594,-0.108129136,0.99413693,0.231597736,0.105658367,-1
