particle_id,particle_type,process,vx,vy,vz,vt,px,py,pz,m,q
4503599644147712,13,0,-919.588318,-576.6073,132.312866,3.73438716,-0.628254294,-0.778008044,0.119681545,0.105658367,-1
