particle_id,particle_type,process,vx,vy,vz,vt,px,py,pz,m,q
4503599644147712,13,0,-203.820679,1066.10303,106.21244,3.72510099,-0.497171938,0.867652118,0.0960728228,0.105658367,-1
