particle_id,particle_type,process,vx,vy,vz,vt,px,py,pz,m,q
4503599644147712,13,0,-692.053467,836.170227,301.155579,3.84187102,-0.853573024,0.520973146,0.272405595,0.105658367,-1
