particle_id,particle_type,process,vx,vy,vz,vt,px,py,pz,m,q
4503599644147712,13,0,0,0,0,0,-0.918395877,0.395662755,-0.416037261,0.105658367,-1
