particle_id,particle_type,process,vx,vy,vz,vt,px,py,pz,m,q
4503599644147712,13,0,0,0,0,0,0.999109149,-0.0422013663,0.485853046,0.105658367,-1
