particle_id,particle_type,process,vx,vy,vz,vt,px,py,pz,m,q
4503599644147712,13,0,767.191895,-767.811951,-285.031097,3.82815957,0.898538053,-0.438895613,-0.257820457,0.105658367,-1
