particle_id,particle_type,process,vx,vy,vz,vt,px,py,pz,m,q
4503599644147712,13,0,-734.63562,799.017639,-26.551857,3.70927262,-0.879531205,0.475841194,-0.0240170695,0.105658367,-1
