particle_id,particle_type,process,vx,vy,vz,vt,px,py,pz,m,q
4503599644147712,13,0,0,0,0,0,-0.0329747759,0.999456167,0.30889684,0.105658367,-1
