particle_id,particle_type,process,vx,vy,vz,vt,px,py,pz,m,q
4503599644147712,13,0,0,0,0,0,-0.98953861,-0.144268483,0.0356584787,0.105658367,-1
