particle_id,particle_type,process,vx,vy,vz,vt,px,py,pz,m,q
4503599644147712,13,0,0,0,0,0,-0.0456797034,-0.998956144,0.168422222,0.105658367,-1
