particle_id,particle_type,process,vx,vy,vz,vt,px,py,pz,m,q
4503599644147712,13,0,0,0,0,0,-0.892088115,0.451861441,0.187381148,0.105658367,-1
