particle_id,particle_type,process,vx,vy,vz,vt,px,py,pz,m,q
4503599644147712,13,0,0,0,0,0,-0.914116085,-0.405452579,0.309912592,0.105658367,-1
