particle_id,particle_type,process,vx,vy,vz,vt,px,py,pz,m,q
4503599644147712,13,0,836.340576,-691.847595,-120.442581,3.72991467,0.936004698,-0.351987571,-0.108944468,0.105658367,-1
