particle_id,particle_type,process,vx,vy,vz,vt,px,py,pz,m,q
4503599644147712,13,0,0,0,0,0,0.123742692,-0.992314339,-0.288443238,0.105658367,-1
