particle_id,particle_type,process,vx,vy,vz,vt,px,py,pz,m,q
4503599644147712,13,0,-810.664185,721.763245,-515.57782,4.08760452,-0.92260468,0.385746777,-0.466357917,0.105658367,-1
