particle_id,particle_type,process,vx,vy,vz,vt,px,py,pz,m,q
4503599644147712,13,0,-368.825531,-1020.82629,559.861755,4.15191603,-0.0152733289,-0.999883354,0.506414235,0.105658367,-1
