particle_id,particle_type,process,vx,vy,vz,vt,px,py,pz,m,q
4503599644147712,13,0,0,0,0,0,-0.124754138,-0.992187679,0.397748232,0.105658367,-1
