particle_id,particle_type,process,vx,vy,vz,vt,px,py,pz,m,q
4503599644147712,13,0,604.799622,-901.296875,33.7165146,3.70992017,0.797084689,-0.603867531,0.0304977484,0.105658367,-1
