particle_id,particle_type,process,vx,vy,vz,vt,px,py,pz,m,q
4503599644147712,13,0,0,0,0,0,-0.287130594,0.957891464,-0.429709256,0.105658367,-1
