particle_id,particle_type,process,vx,vy,vz,vt,px,py,pz,m,q
4503599644147712,13,0,646.094238,-872.170166,72.4729538,3.71608639,0.82432735,-0.566113412,0.0655542836,0.105658367,-1
