particle_id,particle_type,process,vx,vy,vz,vt,px,py,pz,m,q
4503599644147712,13,0,1070.42065,179.772736,279.136688,3.82332397,0.87862289,0.477516502,0.252488792,0.105658367,-1
