particle_id,particle_type,process,vx,vy,vz,vt,px,py,pz,m,q
4503599644147712,13,0,926.90564,-564.769531,-360.211548,3.8980186,0.976805091,-0.214130372,-0.325823754,0.105658367,-1
