particle_id,particle_type,process,vx,vy,vz,vt,px,py,pz,m,q
4503599644147712,13,0,276.681274,1049.55518,-557.492371,4.14836693,-0.0736125708,0.997286975,-0.50427109,0.105658367,-1
