particle_id,particle_type,process,vx,vy,vz,vt,px,py,pz,m,q
4503599644147712,13,0,-821.275146,709.665894,-77.8465271,3.71729541,-0.928222001,0.372026861,-0.070414871,0.105658367,-1
