particle_id,particle_type,process,vx,vy,vz,vt,px,py,pz,m,q
4503599644147712,13,0,0,0,0,0,0.539383352,-0.842060328,-0.00799058657,0.105658367,-1
