particle_id,particle_type,process,vx,vy,vz,vt,px,py,pz,m,q
4503599644147712,13,0,0,0,0,0,-0.908010364,-0.418947697,0.377147198,0.105658367,-1
