particle_id,particle_type,process,vx,vy,vz,vt,px,py,pz,m,q
4503599644147712,13,0,477.478699,-974.747498,-318.885834,3.85775733,0.708186626,-0.706025362,-0.288443238,0.105658367,-1
