particle_id,particle_type,process,vx,vy,vz,vt,px,py,pz,m,q
4503599644147712,13,0,1061.09546,228.46254,-228.814514,3.78594756,0.855902135,0.517137885,-0.206970617,0.105658367,-1
