particle_id,particle_type,process,vx,vy,vz,vt,px,py,pz,m,q
4503599644147712,13,0,517.611389,954.04248,-458.260651,4.01091719,0.164912269,0.986308217,-0.414512545,0.105658367,-1
