particle_id,particle_type,process,vx,vy,vz,vt,px,py,pz,m,q
4503599644147712,13,0,264.62677,-1052.65918,558.907776,4.15048552,0.546113908,-0.837710917,0.505551338,0.105658367,-1
