particle_id,particle_type,process,vx,vy,vz,vt,px,py,pz,m,q
4503599644147712,13,0,0,0,0,0,0.521183312,-0.853444755,-0.108944468,0.105658367,-1
