particle_id,particle_type,process,vx,vy,vz,vt,px,py,pz,m,q
4503599644147712,13,0,-760.830383,774.11615,-85.7502365,3.71923018,-0.894886017,0.446294785,-0.0775640458,0.105658367,-1
