particle_id,particle_type,process,vx,vy,vz,vt,px,py,pz,m,q
4503599644147712,13,0,0,0,0,0,0.921710551,-0.387878448,-0.311890662,0.105658367,-1
