particle_id,particle_type,process,vx,vy,vz,vt,px,py,pz,m,q
4503599644147712,13,0,-911.623291,589.119324,552.324341,4.14066792,-0.970791459,0.239924699,0.499596357,0.105658367,-1
