particle_id,particle_type,process,vx,vy,vz,vt,px,py,pz,m,q
4503599644147712,13,0,-969.320312,-488.402313,68.3134995,3.71520972,-0.698022485,-0.716075897,0.0617919192,0.105658367,-1
