particle_id,particle_type,process,vx,vy,vz,vt,px,py,pz,m,q
4503599644147712,13,0,0,0,0,0,0.992884815,-0.119078919,-0.206970617,0.105658367,-1
