particle_id,particle_type,process,vx,vy,vz,vt,px,py,pz,m,q
4503599644147712,13,0,-835.626831,692.709473,158.798447,3.74585581,-0.935641229,0.352952361,0.143638656,0.105658367,-1
