particle_id,particle_type,process,vx,vy,vz,vt,px,py,pz,m,q
4503599644147712,13,0,157.75354,-1073.8866,-543.32782,4.12740326,0.459373116,-0.888243437,-0.491458714,0.105658367,-1
