particle_id,particle_type,process,vx,vy,vz,vt,px,py,pz,m,q
4503599644147712,13,0,0,0,0,0,0.0633480921,0.997991502,-0.481505811,0.105658367,-1
