particle_id,particle_type,process,vx,vy,vz,vt,px,py,pz,m,q
4503599644147712,13,0,0,0,0,0,-0.61756444,0.786520302,0.499596387,0.105658367,-1
