particle_id,particle_type,process,vx,vy,vz,vt,px,py,pz,m,q
4503599644147712,13,0,0,0,0,0,-0.948044062,-0.318138838,-0.027870819,0.105658367,-1
