particle_id,particle_type,process,vx,vy,vz,vt,px,py,pz,m,q
4503599644147712,13,0,0,0,0,0,-0.43111527,0.90229696,-0.275860399,0.105658367,-1
