particle_id,particle_type,process,vx,vy,vz,vt,px,py,pz,m,q
4503599644147712,13,0,642.84668,-874.56665,-503.08548,4.07024813,0.82221657,-0.569174767,-0.455058128,0.105658367,-1
