particle_id,particle_type,process,vx,vy,vz,vt,px,py,pz,m,q
4503599644147712,13,0,-543.1203,-939.754761,245.033813,3.79722404,-0.191418186,-0.981508613,0.221641541,0.105658367,-1
