particle_id,particle_type,process,vx,vy,vz,vt,px,py,pz,m,q
4503599644147712,13,0,965.2099,496.476074,450.244293,4.00080252,0.692021191,0.721877217,0.407261491,0.105658367,-1
