particle_id,particle_type,process,vx,vy,vz,vt,px,py,pz,m,q
4503599644147712,13,0,0,0,0,0,-0.980038226,0.198808968,0.00263418444,0.105658367,-1
