particle_id,particle_type,process,vx,vy,vz,vt,px,py,pz,m,q
4503599644147712,13,0,-989.658508,445.751862,-374.940643,3.9134419,-0.995792806,0.0916330442,-0.339146733,0.105658367,-1
