particle_id,particle_type,process,vx,vy,vz,vt,px,py,pz,m,q
4503599644147712,13,0,0,0,0,0,-0.878996611,0.476828039,-0.489441693,0.105658367,-1
