particle_id,particle_type,process,vx,vy,vz,vt,px,py,pz,m,q
4503599644147712,13,0,0,0,0,0,0.659014523,0.75213033,-0.189748585,0.105658367,-1
