particle_id,particle_type,process,vx,vy,vz,vt,px,py,pz,m,q
4503599644147712,13,0,0,0,0,0,-0.992489636,0.122328438,-0.0663246959,0.105658367,-1
