particle_id,particle_type,process,vx,vy,vz,vt,px,py,pz,m,q
4503599644147712,13,0,-156.156708,1074.12,248.528748,3.79975057,-0.45805195,0.888925374,0.224802822,0.105658367,-1
