particle_id,particle_type,process,vx,vy,vz,vt,px,py,pz,m,q
4503599644147712,13,0,0,0,0,0,0.957023084,0.290011823,0.461775273,0.105658367,-1
