particle_id,particle_type,process,vx,vy,vz,vt,px,py,pz,m,q
4503599644147712,13,0,0,0,0,0,-0.990861118,-0.134886056,0.0617919154,0.105658367,-1
