particle_id,particle_type,process,vx,vy,vz,vt,px,py,pz,m,q
4503599644147712,13,0,0,0,0,0,-0.937395334,-0.348267049,0.288095742,0.105658367,-1
