particle_id,particle_type,process,vx,vy,vz,vt,px,py,pz,m,q
4503599644147712,13,0,-1040.68884,-308.358948,-559.073181,4.15073347,-0.814172208,-0.580623448,-0.505700946,0.105658367,-1
