particle_id,particle_type,process,vx,vy,vz,vt,px,py,pz,m,q
4503599644147712,13,0,236.592758,-1059.31226,-477.957947,4.03641415,0.523686111,-0.851911366,-0.432329446,0.105658367,-1
