particle_id,particle_type,process,vx,vy,vz,vt,px,py,pz,m,q
4503599644147712,13,0,0,0,0,0,-0.51512903,-0.857112646,-0.298887968,0.105658367,-1
