particle_id,particle_type,process,vx,vy,vz,vt,px,py,pz,m,q
4503599644147712,13,0,-1075.17957,148.686081,207.157562,3.77204776,-0.981238008,-0.19280003,0.187381133,0.105658367,-1
