particle_id,particle_type,process,vx,vy,vz,vt,px,py,pz,m,q
4503599644147712,13,0,0,0,0,0,-0.956501007,0.291729003,0.0431674086,0.105658367,-1
