particle_id,particle_type,process,vx,vy,vz,vt,px,py,pz,m,q
4503599644147712,13,0,-320.331238,1037.06628,526.921448,4.10366774,-0.58996731,0.807427168,0.476618648,0.105658367,-1
