particle_id,particle_type,process,vx,vy,vz,vt,px,py,pz,m,q
4503599644147712,13,0,0,0,0,0,0.996879637,0.0789370015,0.518869102,0.105658367,-1
