particle_id,particle_type,process,vx,vy,vz,vt,px,py,pz,m,q
4503599644147712,13,0,300.976501,1042.8479,-199.300064,3.76733446,-0.0504365414,0.998727202,-0.180273771,0.105658367,-1
