particle_id,particle_type,process,vx,vy,vz,vt,px,py,pz,m,q
4503599644147712,13,0,-633.012451,881.710754,-475.061218,4.03260756,-0.81579107,0.578346789,-0.429709256,0.105658367,-1
