particle_id,particle_type,process,vx,vy,vz,vt,px,py,pz,m,q
4503599644147712,13,0,0,0,0,0,0.930629075,0.365963846,-0.492847949,0.105658367,-1
