particle_id,particle_type,process,vx,vy,vz,vt,px,py,pz,m,q
4503599644147712,13,0,0,0,0,0,-0.400452286,0.916317582,-0.0240170695,0.105658367,-1
