particle_id,particle_type,process,vx,vy,vz,vt,px,py,pz,m,q
4503599644147712,13,0,0,0,0,0,-0.99615407,-0.0876188278,0.171507955,0.105658367,-1
