particle_id,particle_type,process,vx,vy,vz,vt,px,py,pz,m,q
4503599644147712,13,0,0,0,0,0,0.856837928,0.515585959,-0.448839337,0.105658367,-1
