particle_id,particle_type,process,vx,vy,vz,vt,px,py,pz,m,q
4503599644147712,13,0,0,0,0,0,-0.98953855,-0.144268468,0.035658475,0.105658367,-1
