particle_id,particle_type,process,vx,vy,vz,vt,px,py,pz,m,q
4503599644147712,13,0,0,0,0,0,-0.352217972,0.935917974,0.272405595,0.105658367,-1
