particle_id,particle_type,process,vx,vy,vz,vt,px,py,pz,m,q
4503599644147712,13,0,0,0,0,0,0.730148196,-0.683288693,-0.104964629,0.105658367,-1
