particle_id,particle_type,process,vx,vy,vz,vt,px,py,pz,m,q
4503599644147712,13,0,0,0,0,0,-0.336719573,-0.941604912,-0.348020256,0.105658367,-1
