particle_id,particle_type,process,vx,vy,vz,vt,px,py,pz,m,q
4503599644147712,13,0,0,0,0,0,-0.520303071,0.853981614,0.143638656,0.105658367,-1
