particle_id,particle_type,process,vx,vy,vz,vt,px,py,pz,m,q
4503599644147712,13,0,0,0,0,0,-0.754880965,-0.655861855,0.221641541,0.105658367,-1
