particle_id,particle_type,process,vx,vy,vz,vt,px,py,pz,m,q
4503599644147712,13,0,0,0,0,0,-0.384866327,0.922972322,0.417083174,0.105658367,-1
