particle_id,particle_type,process,vx,vy,vz,vt,px,py,pz,m,q
4503599644147712,13,0,-336.003632,-1032.09509,-79.140007,3.71759939,0.016698353,-0.999860585,-0.0715848729,0.105658367,-1
