particle_id,particle_type,process,vx,vy,vz,vt,px,py,pz,m,q
4503599644147712,13,0,-13.0224447,-1085.33362,-384.750702,3.92402196,0.314030081,-0.949413002,-0.348020256,0.105658367,-1
