particle_id,particle_type,process,vx,vy,vz,vt,px,py,pz,m,q
4503599644147712,13,0,0,0,0,0,0.574839354,0.818266273,-0.180273771,0.105658367,-1
