particle_id,particle_type,process,vx,vy,vz,vt,px,py,pz,m,q
4503599644147712,13,0,879.80188,635.662842,510.511505,4.08052301,0.57588923,0.817527771,0.461775273,0.105658367,-1
