particle_id,particle_type,process,vx,vy,vz,vt,px,py,pz,m,q
4503599644147712,13,0,0,0,0,0,0.438169599,-0.898892343,-0.257820457,0.105658367,-1
