particle_id,particle_type,process,vx,vy,vz,vt,px,py,pz,m,q
4503599644147712,13,0,982.314514,461.710815,298.907623,3.83991718,0.717344522,0.696718633,0.270372242,0.105658367,-1
