particle_id,particle_type,process,vx,vy,vz,vt,px,py,pz,m,q
4503599644147712,13,0,0,0,0,0,-0.307878613,0.951425672,0.313205034,0.105658367,-1
